﻿pos_x,pos_y,rotation,side,designator,mpn,pack,value,mount_type,place
163.9316,-73.3044,180.0,top,A1,,Arduino_Nano,Arduino_Nano_v3.x,tht,True
120.9294,-61.849,-90.0,bottom,A2,,Arduino_UNO_R3,Arduino_UNO_R3,tht,True
157.114313,-92.8812,90.0,top,C1,,CP_Radial_D5.0mm_P2.00mm,100uF 16V,tht,True
157.1752,-98.6724,90.0,top,C2,,CP_Radial_D5.0mm_P2.00mm,10uF 16V,tht,True
165.6842,-95.8812,90.0,top,C3,,C_Disc_D7.5mm_W2.5mm_P5.00mm,10nF,tht,True
161.9504,-95.8958,90.0,top,C4,,C_Disc_D7.5mm_W2.5mm_P5.00mm,10nF,tht,True
151.4906,-118.4656,180.0,top,D1,,LED_D3.0mm,LED,tht,True
126.0348,-94.7674,-90.0,top,D2,,D_DO-35_SOD27_P7.62mm_Horizontal,1N4148,tht,True
129.6476,-94.7674,-90.0,top,D3,,D_DO-35_SOD27_P7.62mm_Horizontal,1N4148,tht,True
152.1206,-100.2538,90.0,top,D4,,D_DO-41_SOD81_P10.16mm_Horizontal,1N5818,tht,True
151.5414,-114.2746,180.0,top,D5,,LED_D3.0mm,LED,tht,True
126.111,-105.3084,0.0,top,J1,,RJ12_Amphenol_54601,RJ12,tht,True
130.6322,-111.4552,0.0,top,J10,,PinSocket_2x04_P2.54mm_Horizontal,Conn_02x04_Counter_Clockwise,tht,True
157.1498,-105.283,0.0,top,J2,,RJ12_Amphenol_54601,RJ12,tht,True
139.7254,-116.7892,0.0,top,J3,,TerminalBlock_RND_205-00001_1x02_P5.00mm_Horizontal,Entrada +12v,tht,True
133.8326,-94.7674,0.0,top,J4,,PinHeader_1x03_P2.54mm_Vertical,Selecctor entrada,tht,True
141.7678,-106.2228,0.0,top,J5,,BarrelJack_GCT_DCJ200-10-A_Horizontal,Barrel_Jack_MountingPin,tht,True
159.1448,-119.0898,180.0,top,J7,,PinSocket_2x04_P2.54mm_Horizontal,Conn_02x04_Counter_Clockwise,tht,True
137.6172,-38.2568,0.0,top,Q1,,TO-92_Inline_Wide,2N3904,tht,True
151.4602,-103.2256,-90.0,top,R1,,R_Axial_DIN0204_L3.6mm_D1.6mm_P7.62mm_Horizontal,470 Ohm,tht,True
124.5616,-36.8554,0.0,top,R2,,R_Axial_DIN0204_L3.6mm_D1.6mm_P7.62mm_Horizontal,22K,tht,True
124.5616,-58.8518,0.0,top,R24,,R_Axial_DIN0204_L3.6mm_D1.6mm_P7.62mm_Horizontal,33,tht,True
124.5616,-56.5658,0.0,top,R3,,R_Axial_DIN0204_L3.6mm_D1.6mm_P7.62mm_Horizontal,47K,tht,True
124.5616,-61.1124,0.0,top,R4,,R_Axial_DIN0204_L3.6mm_D1.6mm_P7.62mm_Horizontal,150K,tht,True
132.1816,-39.4208,180.0,top,R5,,R_Axial_DIN0204_L3.6mm_D1.6mm_P7.62mm_Horizontal,10K,tht,True
124.5616,-53.8226,0.0,top,R6,,R_Axial_DIN0204_L3.6mm_D1.6mm_P7.62mm_Horizontal,220K,tht,True
136.271,-42.5958,0.0,top,R7,,R_Axial_DIN0204_L3.6mm_D1.6mm_P7.62mm_Horizontal,4K7,tht,True
149.1742,-103.2256,-90.0,top,R8,,R_Axial_DIN0204_L3.6mm_D1.6mm_P7.62mm_Horizontal,470,tht,True
124.5716,-42.799,0.0,top,U1,,DIP-8_W7.62mm_Socket,LM311,tht,True
147.5751,-80.6196,-90.0,top,U2,,TO-220-3_Horizontal_TabDown,L7805,tht,True
