﻿designator,quantity,value,pack,mpn,mount_type
A1,1,Arduino_Nano_v3.x,Arduino_Nano,,tht
A2,1,Arduino_UNO_R3,Arduino_UNO_R3,,tht
C1,1,100uF 16V,CP_Radial_D5.0mm_P2.00mm,,tht
C2,1,10uF 16V,CP_Radial_D5.0mm_P2.00mm,,tht
"C3, C4",2,10nF,C_Disc_D7.5mm_W2.5mm_P5.00mm,,tht
"D1, D5",2,LED,LED_D3.0mm,,tht
"D2, D3",2,1N4148,D_DO-35_SOD27_P7.62mm_Horizontal,,tht
D4,1,1N5818,D_DO-41_SOD81_P10.16mm_Horizontal,,tht
"J1, J2",2,RJ12,RJ12_Amphenol_54601,,tht
"J10, J7",2,Conn_02x04_Counter_Clockwise,PinSocket_2x04_P2.54mm_Horizontal,,tht
J3,1,Entrada +12v,TerminalBlock_RND_205-00001_1x02_P5.00mm_Horizontal,,tht
J4,1,Selecctor entrada,PinHeader_1x03_P2.54mm_Vertical,,tht
J5,1,Barrel_Jack_MountingPin,BarrelJack_GCT_DCJ200-10-A_Horizontal,,tht
Q1,1,2N3904,TO-92_Inline_Wide,,tht
R1,1,470 Ohm,R_Axial_DIN0204_L3.6mm_D1.6mm_P7.62mm_Horizontal,,tht
R2,1,22K,R_Axial_DIN0204_L3.6mm_D1.6mm_P7.62mm_Horizontal,,tht
R24,1,33,R_Axial_DIN0204_L3.6mm_D1.6mm_P7.62mm_Horizontal,,tht
R3,1,47K,R_Axial_DIN0204_L3.6mm_D1.6mm_P7.62mm_Horizontal,,tht
R4,1,150K,R_Axial_DIN0204_L3.6mm_D1.6mm_P7.62mm_Horizontal,,tht
R5,1,10K,R_Axial_DIN0204_L3.6mm_D1.6mm_P7.62mm_Horizontal,,tht
R6,1,220K,R_Axial_DIN0204_L3.6mm_D1.6mm_P7.62mm_Horizontal,,tht
R7,1,4K7,R_Axial_DIN0204_L3.6mm_D1.6mm_P7.62mm_Horizontal,,tht
R8,1,470,R_Axial_DIN0204_L3.6mm_D1.6mm_P7.62mm_Horizontal,,tht
U1,1,LM311,DIP-8_W7.62mm_Socket,,tht
U2,1,L7805,TO-220-3_Horizontal_TabDown,,tht
